[{"model": "admin.logentry", "pk": 1, "fields": {"action_time": "2023-10-16T14:40:43.596Z", "user": 1, "content_type": 15, "object_id": "2", "object_repr": " ", "action_flag": 3, "change_message": ""}}, {"model": "admin.logentry", "pk": 2, "fields": {"action_time": "2023-10-16T14:47:13.347Z", "user": 1, "content_type": 15, "object_id": "3", "object_repr": " ", "action_flag": 3, "change_message": ""}}, {"model": "admin.logentry", "pk": 3, "fields": {"action_time": "2023-10-16T15:34:32.657Z", "user": 1, "content_type": 15, "object_id": "4", "object_repr": "Test Test", "action_flag": 2, "change_message": "[{\"changed\": {\"fields\": [\"First name\", \"Last name\"]}}]"}}, {"model": "admin.logentry", "pk": 4, "fields": {"action_time": "2023-10-16T15:34:49.556Z", "user": 1, "content_type": 16, "object_id": "1", "object_repr": "What is the war in Ukraine?", "action_flag": 1, "change_message": "[{\"added\": {}}]"}}, {"model": "admin.logentry", "pk": 5, "fields": {"action_time": "2023-10-16T15:35:00.077Z", "user": 1, "content_type": 16, "object_id": "2", "object_repr": "Why is the US imperialist?", "action_flag": 1, "change_message": "[{\"added\": {}}]"}}, {"model": "admin.logentry", "pk": 6, "fields": {"action_time": "2023-10-16T15:35:07.017Z", "user": 1, "content_type": 16, "object_id": "1", "object_repr": "What is the war in Ukraine?", "action_flag": 2, "change_message": "[{\"changed\": {\"fields\": [\"User\"]}}]"}}, {"model": "admin.logentry", "pk": 7, "fields": {"action_time": "2023-10-16T15:35:11.478Z", "user": 1, "content_type": 16, "object_id": "2", "object_repr": "Why is the US imperialist?", "action_flag": 2, "change_message": "[]"}}, {"model": "admin.logentry", "pk": 8, "fields": {"action_time": "2023-10-16T15:35:47.103Z", "user": 1, "content_type": 16, "object_id": "3", "object_repr": "Who is Modi?", "action_flag": 1, "change_message": "[{\"added\": {}}]"}}, {"model": "admin.logentry", "pk": 9, "fields": {"action_time": "2023-10-17T10:10:29.405Z", "user": 1, "content_type": 14, "object_id": "1", "object_repr": "admin follows test", "action_flag": 1, "change_message": "[{\"added\": {}}]"}}, {"model": "admin.logentry", "pk": 10, "fields": {"action_time": "2023-10-17T10:21:05.468Z", "user": 1, "content_type": 14, "object_id": "1", "object_repr": "admin follows test", "action_flag": 2, "change_message": "[]"}}, {"model": "admin.logentry", "pk": 11, "fields": {"action_time": "2023-10-17T10:31:59.265Z", "user": 1, "content_type": 14, "object_id": "2", "object_repr": "test follows admin", "action_flag": 1, "change_message": "[{\"added\": {}}]"}}, {"model": "admin.logentry", "pk": 12, "fields": {"action_time": "2023-10-17T11:48:01.502Z", "user": 1, "content_type": 14, "object_id": "1", "object_repr": "admin follows test", "action_flag": 3, "change_message": ""}}, {"model": "admin.logentry", "pk": 13, "fields": {"action_time": "2023-10-17T11:48:10.864Z", "user": 1, "content_type": 14, "object_id": "5", "object_repr": "admin follows test", "action_flag": 1, "change_message": "[{\"added\": {}}]"}}, {"model": "admin.logentry", "pk": 14, "fields": {"action_time": "2023-10-19T14:35:36.394Z", "user": 1, "content_type": 14, "object_id": "13", "object_repr": "admin follows test", "action_flag": 1, "change_message": "[{\"added\": {}}]"}}, {"model": "admin.logentry", "pk": 15, "fields": {"action_time": "2023-10-24T19:10:08.180Z", "user": 1, "content_type": 15, "object_id": "4", "object_repr": "Test Test", "action_flag": 3, "change_message": ""}}, {"model": "admin.logentry", "pk": 16, "fields": {"action_time": "2023-10-24T19:10:17.005Z", "user": 1, "content_type": 16, "object_id": "7", "object_repr": "What is MMT?", "action_flag": 3, "change_message": ""}}, {"model": "admin.logentry", "pk": 17, "fields": {"action_time": "2023-10-24T19:10:17.028Z", "user": 1, "content_type": 16, "object_id": "6", "object_repr": "Why is the rise of china alarming?", "action_flag": 3, "change_message": ""}}, {"model": "admin.logentry", "pk": 18, "fields": {"action_time": "2023-10-24T19:10:17.051Z", "user": 1, "content_type": 16, "object_id": "5", "object_repr": "Who is James Baldwin?", "action_flag": 3, "change_message": ""}}, {"model": "admin.logentry", "pk": 19, "fields": {"action_time": "2023-10-24T19:10:17.077Z", "user": 1, "content_type": 16, "object_id": "3", "object_repr": "Who is Narenda Modi?", "action_flag": 3, "change_message": ""}}, {"model": "admin.logentry", "pk": 20, "fields": {"action_time": "2023-10-25T08:47:10.732Z", "user": 1, "content_type": 15, "object_id": "5", "object_repr": " ", "action_flag": 1, "change_message": "[{\"added\": {}}]"}}, {"model": "admin.logentry", "pk": 21, "fields": {"action_time": "2023-10-25T08:49:01.596Z", "user": 1, "content_type": 15, "object_id": "5", "object_repr": " ", "action_flag": 2, "change_message": "[{\"changed\": {\"fields\": [\"Email\"]}}]"}}, {"model": "admin.logentry", "pk": 22, "fields": {"action_time": "2023-10-25T08:51:47.654Z", "user": 1, "content_type": 15, "object_id": "8", "object_repr": " ", "action_flag": 1, "change_message": "[{\"added\": {}}]"}}, {"model": "admin.logentry", "pk": 23, "fields": {"action_time": "2023-10-25T08:52:10.361Z", "user": 1, "content_type": 15, "object_id": "8", "object_repr": " ", "action_flag": 2, "change_message": "[{\"changed\": {\"fields\": [\"Email\"]}}]"}}, {"model": "admin.logentry", "pk": 24, "fields": {"action_time": "2023-10-25T08:57:48.591Z", "user": 1, "content_type": 15, "object_id": "10", "object_repr": "Ahmed Khan", "action_flag": 2, "change_message": "[{\"changed\": {\"fields\": [\"First name\", \"Last name\", \"Birth date\", \"Country\", \"Bio\"]}}]"}}, {"model": "admin.logentry", "pk": 25, "fields": {"action_time": "2023-10-25T08:58:23.049Z", "user": 1, "content_type": 15, "object_id": "14", "object_repr": "David Wilson", "action_flag": 2, "change_message": "[{\"changed\": {\"fields\": [\"First name\", \"Last name\", \"Birth date\", \"Country\", \"Bio\"]}}]"}}, {"model": "admin.logentry", "pk": 26, "fields": {"action_time": "2023-10-25T08:58:33.727Z", "user": 1, "content_type": 15, "object_id": "1", "object_repr": "Khalid Idriss", "action_flag": 2, "change_message": "[{\"changed\": {\"fields\": [\"Profile_picture\"]}}]"}}, {"model": "admin.logentry", "pk": 27, "fields": {"action_time": "2023-10-25T08:59:28.711Z", "user": 1, "content_type": 15, "object_id": "8", "object_repr": "Emma Smith", "action_flag": 2, "change_message": "[{\"changed\": {\"fields\": [\"First name\", \"Last name\", \"Birth date\", \"Country\", \"Bio\"]}}]"}}, {"model": "admin.logentry", "pk": 28, "fields": {"action_time": "2023-10-25T08:59:55.904Z", "user": 1, "content_type": 15, "object_id": "5", "object_repr": "John Doe", "action_flag": 2, "change_message": "[{\"changed\": {\"fields\": [\"First name\", \"Last name\", \"Birth date\", \"Country\", \"Bio\"]}}]"}}, {"model": "admin.logentry", "pk": 29, "fields": {"action_time": "2023-10-25T09:00:36.543Z", "user": 1, "content_type": 15, "object_id": "13", "object_repr": "Lucia Rodriguez", "action_flag": 2, "change_message": "[{\"changed\": {\"fields\": [\"First name\", \"Last name\", \"Birth date\", \"Country\", \"Bio\"]}}]"}}, {"model": "admin.logentry", "pk": 30, "fields": {"action_time": "2023-10-25T09:01:21.391Z", "user": 1, "content_type": 15, "object_id": "9", "object_repr": "Maria Garcia", "action_flag": 2, "change_message": "[{\"changed\": {\"fields\": [\"First name\", \"Last name\", \"Birth date\", \"Country\", \"Bio\"]}}]"}}, {"model": "admin.logentry", "pk": 31, "fields": {"action_time": "2023-10-25T09:01:49.638Z", "user": 1, "content_type": 15, "object_id": "11", "object_repr": "Mei Li", "action_flag": 2, "change_message": "[{\"changed\": {\"fields\": [\"First name\", \"Last name\", \"Birth date\", \"Country\", \"Bio\"]}}]"}}, {"model": "admin.logentry", "pk": 32, "fields": {"action_time": "2023-10-25T09:02:25.684Z", "user": 1, "content_type": 15, "object_id": "12", "object_repr": "Pierre Dupont", "action_flag": 2, "change_message": "[{\"changed\": {\"fields\": [\"First name\", \"Last name\", \"Birth date\", \"Country\", \"Bio\"]}}]"}}, {"model": "admin.logentry", "pk": 33, "fields": {"action_time": "2023-10-25T09:02:52.902Z", "user": 1, "content_type": 15, "object_id": "16", "object_repr": "Raj Patel", "action_flag": 2, "change_message": "[{\"changed\": {\"fields\": [\"First name\", \"Last name\", \"Birth date\", \"Country\", \"Bio\"]}}]"}}, {"model": "admin.logentry", "pk": 34, "fields": {"action_time": "2023-10-25T09:03:18.971Z", "user": 1, "content_type": 15, "object_id": "15", "object_repr": "Sofia Martinez", "action_flag": 2, "change_message": "[{\"changed\": {\"fields\": [\"First name\", \"Last name\", \"Birth date\", \"Country\", \"Bio\"]}}]"}}, {"model": "admin.logentry", "pk": 35, "fields": {"action_time": "2023-10-25T09:05:10.874Z", "user": 1, "content_type": 15, "object_id": "1", "object_repr": "Luay Idriss", "action_flag": 2, "change_message": "[{\"changed\": {\"fields\": [\"First name\", \"Birth date\", \"Country\", \"Bio\"]}}]"}}, {"model": "admin.logentry", "pk": 36, "fields": {"action_time": "2023-10-25T12:09:31.345Z", "user": 1, "content_type": 17, "object_id": "24", "object_repr": "Response by admin to Question: What are your thoughts on the recent political developments in Venezuela and the impact on regional stability in South America?", "action_flag": 3, "change_message": ""}}, {"model": "admin.logentry", "pk": 37, "fields": {"action_time": "2023-10-25T12:09:31.370Z", "user": 1, "content_type": 17, "object_id": "23", "object_repr": "Response by admin to Question: What are your thoughts on the recent political developments in Venezuela and the impact on regional stability in South America?", "action_flag": 3, "change_message": ""}}, {"model": "admin.logentry", "pk": 38, "fields": {"action_time": "2023-10-25T12:09:31.393Z", "user": 1, "content_type": 17, "object_id": "22", "object_repr": "Response by admin to Question: What are your thoughts on the recent political developments in Venezuela and the impact on regional stability in South America?", "action_flag": 3, "change_message": ""}}, {"model": "admin.logentry", "pk": 39, "fields": {"action_time": "2023-10-25T12:49:01.999Z", "user": 1, "content_type": 14, "object_id": "25", "object_repr": "admin follows davidwilson", "action_flag": 1, "change_message": "[{\"added\": {}}]"}}, {"model": "admin.logentry", "pk": 40, "fields": {"action_time": "2023-10-25T12:49:08.272Z", "user": 1, "content_type": 14, "object_id": "26", "object_repr": "emmasmith follows johndoe", "action_flag": 1, "change_message": "[{\"added\": {}}]"}}, {"model": "admin.logentry", "pk": 41, "fields": {"action_time": "2023-10-25T12:49:14.433Z", "user": 1, "content_type": 14, "object_id": "27", "object_repr": "davidwilson follows johndoe", "action_flag": 1, "change_message": "[{\"added\": {}}]"}}, {"model": "admin.logentry", "pk": 42, "fields": {"action_time": "2023-10-25T12:49:22.723Z", "user": 1, "content_type": 14, "object_id": "28", "object_repr": "ahmedkhan follows emmasmith", "action_flag": 1, "change_message": "[{\"added\": {}}]"}}, {"model": "admin.logentry", "pk": 43, "fields": {"action_time": "2023-10-25T12:49:27.919Z", "user": 1, "content_type": 14, "object_id": "29", "object_repr": "meili follows ahmedkhan", "action_flag": 1, "change_message": "[{\"added\": {}}]"}}, {"model": "admin.logentry", "pk": 44, "fields": {"action_time": "2023-10-25T12:49:32.712Z", "user": 1, "content_type": 14, "object_id": "30", "object_repr": "pierredupont follows davidwilson", "action_flag": 1, "change_message": "[{\"added\": {}}]"}}, {"model": "admin.logentry", "pk": 45, "fields": {"action_time": "2023-10-25T12:49:37.928Z", "user": 1, "content_type": 14, "object_id": "31", "object_repr": "ahmedkhan follows emmasmith", "action_flag": 1, "change_message": "[{\"added\": {}}]"}}, {"model": "admin.logentry", "pk": 46, "fields": {"action_time": "2023-10-25T12:49:54.942Z", "user": 1, "content_type": 14, "object_id": "31", "object_repr": "ahmedkhan follows emmasmith", "action_flag": 3, "change_message": ""}}, {"model": "admin.logentry", "pk": 47, "fields": {"action_time": "2023-10-25T12:50:42.696Z", "user": 1, "content_type": 14, "object_id": "32", "object_repr": "ahmedkhan follows emmasmith", "action_flag": 1, "change_message": "[{\"added\": {}}]"}}, {"model": "admin.logentry", "pk": 48, "fields": {"action_time": "2023-10-25T12:50:54.791Z", "user": 1, "content_type": 14, "object_id": "32", "object_repr": "ahmedkhan follows emmasmith", "action_flag": 3, "change_message": ""}}, {"model": "admin.logentry", "pk": 49, "fields": {"action_time": "2023-10-25T12:52:52.734Z", "user": 1, "content_type": 14, "object_id": "33", "object_repr": "davidwilson follows rajpatel", "action_flag": 1, "change_message": "[{\"added\": {}}]"}}, {"model": "admin.logentry", "pk": 50, "fields": {"action_time": "2023-10-25T12:53:00.015Z", "user": 1, "content_type": 14, "object_id": "34", "object_repr": "emmasmith follows pierredupont", "action_flag": 1, "change_message": "[{\"added\": {}}]"}}, {"model": "admin.logentry", "pk": 51, "fields": {"action_time": "2023-10-25T12:53:05.240Z", "user": 1, "content_type": 14, "object_id": "35", "object_repr": "emmasmith follows sofiamartinez", "action_flag": 1, "change_message": "[{\"added\": {}}]"}}, {"model": "admin.logentry", "pk": 52, "fields": {"action_time": "2023-10-25T12:53:10.350Z", "user": 1, "content_type": 14, "object_id": "36", "object_repr": "sofiamartinez follows luciarodriguez", "action_flag": 1, "change_message": "[{\"added\": {}}]"}}, {"model": "admin.logentry", "pk": 53, "fields": {"action_time": "2023-10-25T12:53:16.564Z", "user": 1, "content_type": 14, "object_id": "37", "object_repr": "luciarodriguez follows davidwilson", "action_flag": 1, "change_message": "[{\"added\": {}}]"}}, {"model": "admin.logentry", "pk": 54, "fields": {"action_time": "2023-10-25T12:53:22.294Z", "user": 1, "content_type": 14, "object_id": "38", "object_repr": "pierredupont follows meili", "action_flag": 1, "change_message": "[{\"added\": {}}]"}}, {"model": "admin.logentry", "pk": 55, "fields": {"action_time": "2023-10-25T12:53:28.001Z", "user": 1, "content_type": 14, "object_id": "39", "object_repr": "meili follows davidwilson", "action_flag": 1, "change_message": "[{\"added\": {}}]"}}, {"model": "admin.logentry", "pk": 56, "fields": {"action_time": "2023-10-25T12:53:32.874Z", "user": 1, "content_type": 14, "object_id": "40", "object_repr": "davidwilson follows ahmedkhan", "action_flag": 1, "change_message": "[{\"added\": {}}]"}}, {"model": "admin.logentry", "pk": 57, "fields": {"action_time": "2023-10-25T12:53:39.602Z", "user": 1, "content_type": 14, "object_id": "41", "object_repr": "ahmedkhan follows rajpatel", "action_flag": 1, "change_message": "[{\"added\": {}}]"}}, {"model": "admin.logentry", "pk": 58, "fields": {"action_time": "2023-10-25T12:53:45.487Z", "user": 1, "content_type": 14, "object_id": "42", "object_repr": "rajpatel follows sofiamartinez", "action_flag": 1, "change_message": "[{\"added\": {}}]"}}, {"model": "admin.logentry", "pk": 59, "fields": {"action_time": "2023-10-25T12:53:52.169Z", "user": 1, "content_type": 14, "object_id": "43", "object_repr": "sofiamartinez follows johndoe", "action_flag": 1, "change_message": "[{\"added\": {}}]"}}, {"model": "admin.logentry", "pk": 60, "fields": {"action_time": "2023-10-25T12:53:57.766Z", "user": 1, "content_type": 14, "object_id": "44", "object_repr": "johndoe follows luciarodriguez", "action_flag": 1, "change_message": "[{\"added\": {}}]"}}, {"model": "admin.logentry", "pk": 61, "fields": {"action_time": "2023-10-25T12:54:21.147Z", "user": 1, "content_type": 14, "object_id": "45", "object_repr": "luciarodriguez follows pierredupont", "action_flag": 1, "change_message": "[{\"added\": {}}]"}}, {"model": "admin.logentry", "pk": 62, "fields": {"action_time": "2023-10-25T12:54:28.811Z", "user": 1, "content_type": 14, "object_id": "46", "object_repr": "luciarodriguez follows johndoe", "action_flag": 1, "change_message": "[{\"added\": {}}]"}}, {"model": "admin.logentry", "pk": 63, "fields": {"action_time": "2023-10-25T12:54:34.782Z", "user": 1, "content_type": 14, "object_id": "47", "object_repr": "rajpatel follows davidwilson", "action_flag": 1, "change_message": "[{\"added\": {}}]"}}, {"model": "admin.logentry", "pk": 64, "fields": {"action_time": "2023-10-25T12:54:44.119Z", "user": 1, "content_type": 14, "object_id": "48", "object_repr": "rajpatel follows luciarodriguez", "action_flag": 1, "change_message": "[{\"added\": {}}]"}}, {"model": "admin.logentry", "pk": 65, "fields": {"action_time": "2023-10-25T12:54:50.429Z", "user": 1, "content_type": 14, "object_id": "49", "object_repr": "mariagarcia follows meili", "action_flag": 1, "change_message": "[{\"added\": {}}]"}}, {"model": "admin.logentry", "pk": 66, "fields": {"action_time": "2023-10-25T12:54:55.938Z", "user": 1, "content_type": 14, "object_id": "50", "object_repr": "meili follows mariagarcia", "action_flag": 1, "change_message": "[{\"added\": {}}]"}}, {"model": "admin.logentry", "pk": 67, "fields": {"action_time": "2023-10-25T12:55:02.272Z", "user": 1, "content_type": 14, "object_id": "51", "object_repr": "rajpatel follows pierredupont", "action_flag": 1, "change_message": "[{\"added\": {}}]"}}, {"model": "admin.logentry", "pk": 68, "fields": {"action_time": "2023-10-25T12:55:07.927Z", "user": 1, "content_type": 14, "object_id": "52", "object_repr": "pierredupont follows rajpatel", "action_flag": 1, "change_message": "[{\"added\": {}}]"}}, {"model": "sessions.session", "pk": "8lpdhjfqv6gtorlezabzm942zmmjkb8c", "fields": {"session_data": ".eJxVjMEOwiAQRP-FsyGFdAt40x8hu7AEYkMTgZPx321ND3qcNzPvJTyOnv1o_PQliqtQ4vLLCMOD61Hguh5YYgjbqF1-N2fd5G1PXHsJ2MtW7-frT5Wx5d2jF02MEK1xagZ2KVFyiYktAs2IHBZgcDwBRSITQWEyWmlQdlIYrXh_AOzTPWs:1qwNyV:0zxLY_712ishaeeY15cv9l3vrokOGznGpWY8PaO5M_M", "expire_date": "2023-11-10T14:38:11.924Z"}}, {"model": "sessions.session", "pk": "e33p2rqhue9xsmniko1funf4l7ko0983", "fields": {"session_data": ".eJxVjMEOwiAQRP-FsyGFdAt40x8hu7AEYkMTgZPx321ND3qcNzPvJTyOnv1o_PQliqtQ4vLLCMOD61Hguh5YYgjbqF1-N2fd5G1PXHsJ2MtW7-frT5Wx5d2jF02MEK1xagZ2KVFyiYktAs2IHBZgcDwBRSITQWEyWmlQdlIYrXh_AOzTPWs:1qwNEu:caZ1rWTPBmAiWQ17rWYvL8x3u9cGJdXzCv2kiqUPINk", "expire_date": "2023-11-10T13:51:04.591Z"}}, {"model": "sessions.session", "pk": "m2p6fgvjnrfqy94af30k11q7gnu88uc2", "fields": {"session_data": ".eJxVj80KwjAQhN8lZynd_Lc3fZGwJlsajCnYxIv47qZSkR5nZvcb5sXQ-6Xm4p70iFOk4OiOMbEx15ROzGEts6srPVwMbGRg2MG8or9R3hJMabO7ndd9b_Z47c5NUS7RY4lLvuxfB9SM69w4wkrSkktriIDzwSikCfSkOTcBeiWCEkAaUXCwhD7oAXgwoVdecSDVoL9J-C9tu7CwEfRgJWgwshNGWAHi_QHI3VVS:1qwNdY:zGLWj_HKxoDpY13HJpJcIDIMtMHP96fBAPolSEFsrWE", "expire_date": "2023-11-10T14:16:32.376Z"}}, {"model": "sessions.session", "pk": "rwpf4112bxjft3xnww1pxxhdgan9jiqv", "fields": {"session_data": ".eJxVjMEOwiAQRP-FsyGFdAt40x8hu7AEYkMTgZPx321ND3qcNzPvJTyOnv1o_PQliqtQ4vLLCMOD61Hguh5YYgjbqF1-N2fd5G1PXHsJ2MtW7-frT5Wx5d2jF02MEK1xagZ2KVFyiYktAs2IHBZgcDwBRSITQWEyWmlQdlIYrXh_AOzTPWs:1qwNh6:ncr9OZFEA04wnjmly1OENIU9i-QQhSZciOqH3kCFHrM", "expire_date": "2023-11-10T14:20:12.056Z"}}, {"model": "sessions.session", "pk": "wdylilag0l1wfemw81hqj3f3d517yg96", "fields": {"session_data": ".eJxVjMEOwiAQRP-FsyGFdAt40x8hu7AEYkMTgZPx321ND3qcNzPvJTyOnv1o_PQliqtQ4vLLCMOD61Hguh5YYgjbqF1-N2fd5G1PXHsJ2MtW7-frT5Wx5d2jF02MEK1xagZ2KVFyiYktAs2IHBZgcDwBRSITQWEyWmlQdlIYrXh_AOzTPWs:1qvbXP:I8a0yTdxWSTdWtoRZx57kfR0UUkJzmi6h75eW5lCJTk", "expire_date": "2023-11-08T10:54:59.060Z"}}, {"model": "sessions.session", "pk": "yc8iml4xzmzrffxq5e75yp05df1vt18g", "fields": {"session_data": ".eJxVjDsOwjAQRO_iGkXZ9Td05CLWYm9ki8iRsF0h7k6CUkA5b2beS3jqLfle-elzFFcBVlx-4Z3Cg8vR0LoeeKAQtl7a8N2cdR1ue-LScqCWtzKfrz9Vopp2j3SKjULlLDMgTlYTL2AWg2gjjFpGLYENkURwTCGaCTDaOOqgEViL9we9-Tu2:1qwNuR:L3kE79gq9opGgg-jYoyo9qHJ7KJGm1JdJ-r5pYz-_HU", "expire_date": "2023-11-10T14:33:59.467Z"}}, {"model": "authtoken.token", "pk": "201e7223d485e357b27072d831d812a5a513af73", "fields": {"user": 1, "created": "2023-10-27T14:06:29.856Z"}}, {"model": "authtoken.token", "pk": "f70552768795db89a0a81458ccefec8cac9670e6", "fields": {"user": 17, "created": "2023-10-27T14:16:32.261Z"}}, {"model": "sites.site", "pk": 1, "fields": {"domain": "example.com", "name": "example.com"}}, {"model": "account.emailaddress", "pk": 4, "fields": {"user": 9, "email": "maria.garcia@example.com", "verified": false, "primary": true}}, {"model": "account.emailaddress", "pk": 5, "fields": {"user": 10, "email": "ahmed.khan@example.com", "verified": false, "primary": true}}, {"model": "account.emailaddress", "pk": 6, "fields": {"user": 11, "email": "mei.li@example.com", "verified": false, "primary": true}}, {"model": "account.emailaddress", "pk": 7, "fields": {"user": 12, "email": "pierre.dupont@example.com", "verified": false, "primary": true}}, {"model": "account.emailaddress", "pk": 8, "fields": {"user": 13, "email": "lucia.rodriguez@example.com", "verified": false, "primary": true}}, {"model": "account.emailaddress", "pk": 9, "fields": {"user": 14, "email": "david.wilson@example.com", "verified": false, "primary": true}}, {"model": "account.emailaddress", "pk": 10, "fields": {"user": 15, "email": "sofia.martinez@example.com", "verified": false, "primary": true}}, {"model": "account.emailaddress", "pk": 11, "fields": {"user": 16, "email": "raj.patel@example.com", "verified": false, "primary": true}}, {"model": "account.emailaddress", "pk": 12, "fields": {"user": 17, "email": "tester@tester.com", "verified": false, "primary": true}}, {"model": "followers.userfollow", "pk": 25, "fields": {"follower": 1, "following": 14}}, {"model": "followers.userfollow", "pk": 26, "fields": {"follower": 8, "following": 5}}, {"model": "followers.userfollow", "pk": 27, "fields": {"follower": 14, "following": 5}}, {"model": "followers.userfollow", "pk": 28, "fields": {"follower": 10, "following": 8}}, {"model": "followers.userfollow", "pk": 29, "fields": {"follower": 11, "following": 10}}, {"model": "followers.userfollow", "pk": 30, "fields": {"follower": 12, "following": 14}}, {"model": "followers.userfollow", "pk": 33, "fields": {"follower": 14, "following": 16}}, {"model": "followers.userfollow", "pk": 34, "fields": {"follower": 8, "following": 12}}, {"model": "followers.userfollow", "pk": 35, "fields": {"follower": 8, "following": 15}}, {"model": "followers.userfollow", "pk": 36, "fields": {"follower": 15, "following": 13}}, {"model": "followers.userfollow", "pk": 37, "fields": {"follower": 13, "following": 14}}, {"model": "followers.userfollow", "pk": 38, "fields": {"follower": 12, "following": 11}}, {"model": "followers.userfollow", "pk": 39, "fields": {"follower": 11, "following": 14}}, {"model": "followers.userfollow", "pk": 40, "fields": {"follower": 14, "following": 10}}, {"model": "followers.userfollow", "pk": 41, "fields": {"follower": 10, "following": 16}}, {"model": "followers.userfollow", "pk": 42, "fields": {"follower": 16, "following": 15}}, {"model": "followers.userfollow", "pk": 43, "fields": {"follower": 15, "following": 5}}, {"model": "followers.userfollow", "pk": 44, "fields": {"follower": 5, "following": 13}}, {"model": "followers.userfollow", "pk": 45, "fields": {"follower": 13, "following": 12}}, {"model": "followers.userfollow", "pk": 46, "fields": {"follower": 13, "following": 5}}, {"model": "followers.userfollow", "pk": 47, "fields": {"follower": 16, "following": 14}}, {"model": "followers.userfollow", "pk": 48, "fields": {"follower": 16, "following": 13}}, {"model": "followers.userfollow", "pk": 49, "fields": {"follower": 9, "following": 11}}, {"model": "followers.userfollow", "pk": 50, "fields": {"follower": 11, "following": 9}}, {"model": "followers.userfollow", "pk": 51, "fields": {"follower": 16, "following": 12}}, {"model": "followers.userfollow", "pk": 52, "fields": {"follower": 12, "following": 16}}, {"model": "profiles.customuser", "pk": 1, "fields": {"password": "pbkdf2_sha256$600000$HuMkQuLHNy3Ty829SXhwrs$CIIlBSu8Ol1RFURBOyx29pf9csHVb29vHi4BwpZK7jw=", "last_login": "2023-10-27T14:38:11.899Z", "is_superuser": true, "is_staff": true, "is_active": true, "profile_picture": "image/upload/v1698224313/politicus_avatars/r9tddtgqooige71dj7jc.jpg", "bio": "Graduate in Political Science from the Leiden University. Fascinated about Middle Eastern Politics.", "email": "idrissluay@gmail.com", "username": "admin", "birth_date": "2001-07-03", "first_name": "Luay", "last_name": "Idriss", "country": "Lebanon", "date_joined": "2023-10-16T14:25:59Z", "last_modified": "2023-10-25T09:05:10.810Z", "groups": [], "user_permissions": []}}, {"model": "profiles.customuser", "pk": 5, "fields": {"password": "pbkdf2_sha256$600000$vFY0tqN126wpjPcDZUSvBu$paa/n1pMIX91wmvxtm+Iqj/n2vamhOyZeEqs/XZZkH0=", "last_login": null, "is_superuser": false, "is_staff": false, "is_active": true, "profile_picture": null, "bio": "Passionate about global affairs and social justice.", "email": "john.doe@example.com", "username": "johndoe", "birth_date": "1990-05-15", "first_name": "John", "last_name": "Doe", "country": "USA", "date_joined": "2023-10-25T08:47:10Z", "last_modified": "2023-10-25T08:59:55.841Z", "groups": [], "user_permissions": []}}, {"model": "profiles.customuser", "pk": 8, "fields": {"password": "pbkdf2_sha256$600000$wLPrPFSMQfRce8QZ2Y4BZZ$FBfbNtj68DO4+YMJs2PzFXx0ODNoAdW/FkFl3/bYLPo=", "last_login": null, "is_superuser": false, "is_staff": false, "is_active": true, "profile_picture": null, "bio": "A world traveler with a keen interest in international politics.", "email": "emma.smith@example.com", "username": "emmasmith", "birth_date": "1988-11-20", "first_name": "Emma", "last_name": "Smith", "country": "Canada", "date_joined": "2023-10-25T08:51:47Z", "last_modified": "2023-10-25T08:59:28.648Z", "groups": [], "user_permissions": []}}, {"model": "profiles.customuser", "pk": 9, "fields": {"password": "pbkdf2_sha256$600000$3F8ZfDsVHiMcKYWizSlyTZ$jrVWvnjrDHbVs8zotWV7XMKJ14/htA+3iyZPxmKIsvo=", "last_login": "2023-10-25T08:53:05Z", "is_superuser": false, "is_staff": false, "is_active": true, "profile_picture": null, "bio": "Environmental activist and advocate for sustainable development.", "email": "maria.garcia@example.com", "username": "mariagarcia", "birth_date": "1995-03-10", "first_name": "Maria", "last_name": "Garcia", "country": "Spain", "date_joined": "2023-10-25T08:53:05Z", "last_modified": "2023-10-25T09:01:21.328Z", "groups": [], "user_permissions": []}}, {"model": "profiles.customuser", "pk": 10, "fields": {"password": "pbkdf2_sha256$600000$VFQtsZWc6f3cpenD8KkDu3$K3sHwtYjVQjhZxaVEdcYG8bpXmZ53jIkDEuvHTztizc=", "last_login": "2023-10-25T08:53:25Z", "is_superuser": false, "is_staff": false, "is_active": true, "profile_picture": null, "bio": "Educator and promoter of cross-cultural understanding.", "email": "ahmed.khan@example.com", "username": "ahmedkhan", "birth_date": "1986-07-02", "first_name": "Ahmed", "last_name": "Khan", "country": "Pakistan", "date_joined": "2023-10-25T08:53:25Z", "last_modified": "2023-10-25T08:57:48.531Z", "groups": [], "user_permissions": []}}, {"model": "profiles.customuser", "pk": 11, "fields": {"password": "pbkdf2_sha256$600000$xNMMPCl3hWJImChc6sc5gO$s+OE0PAl0Moe+YPYzB6J9W0JSREowMTzdaOq1rHhp4I=", "last_login": "2023-10-25T08:53:50Z", "is_superuser": false, "is_staff": false, "is_active": true, "profile_picture": null, "bio": "Advocate for gender equality and women's rights.", "email": "mei.li@example.com", "username": "meili", "birth_date": "1992-01-30", "first_name": "Mei", "last_name": "Li", "country": "China", "date_joined": "2023-10-25T08:53:50Z", "last_modified": "2023-10-25T09:01:49.575Z", "groups": [], "user_permissions": []}}, {"model": "profiles.customuser", "pk": 12, "fields": {"password": "pbkdf2_sha256$600000$HCdo59amOgsvpZeI1CKcQ8$cLmQLPkExzcdl/leri73Tzh50G6WCl9OrlX4yLxJkvE=", "last_login": "2023-10-25T08:54:10Z", "is_superuser": false, "is_staff": false, "is_active": true, "profile_picture": null, "bio": "Political enthusiast and history buff.", "email": "pierre.dupont@example.com", "username": "pierredupont", "birth_date": "1987-09-25", "first_name": "Pierre", "last_name": "Dupont", "country": "France", "date_joined": "2023-10-25T08:54:09Z", "last_modified": "2023-10-25T09:02:25.625Z", "groups": [], "user_permissions": []}}, {"model": "profiles.customuser", "pk": 13, "fields": {"password": "pbkdf2_sha256$600000$I6DEDpnAyLCRn8Z9wthynE$2xXJxORqMCFUpq29cQq+FJ7l9m8hjLRtqGAqu0mJWpA=", "last_login": "2023-10-25T08:54:33Z", "is_superuser": false, "is_staff": false, "is_active": true, "profile_picture": null, "bio": "Humanitarian worker and advocate for refugee rights.", "email": "lucia.rodriguez@example.com", "username": "luciarodriguez", "birth_date": "1993-04-05", "first_name": "Lucia", "last_name": "Rodriguez", "country": "Mexico", "date_joined": "2023-10-25T08:54:33Z", "last_modified": "2023-10-25T09:00:36.483Z", "groups": [], "user_permissions": []}}, {"model": "profiles.customuser", "pk": 14, "fields": {"password": "pbkdf2_sha256$600000$m94kR304uJFlriPgSzaVHF$eD+NCMU/PpjB1ANC08LFf0cfbecpQjM4PDe4b9sllBM=", "last_login": "2023-10-25T08:55:20Z", "is_superuser": false, "is_staff": false, "is_active": true, "profile_picture": null, "bio": "Journalist covering global affairs and conflicts.", "email": "david.wilson@example.com", "username": "davidwilson", "birth_date": "1985-12-18", "first_name": "David", "last_name": "Wilson", "country": "Australia", "date_joined": "2023-10-25T08:55:20Z", "last_modified": "2023-10-25T08:58:22.981Z", "groups": [], "user_permissions": []}}, {"model": "profiles.customuser", "pk": 15, "fields": {"password": "pbkdf2_sha256$600000$Tdb1QBPivzbGladg9xLC5F$8mgXgXee6rml6pWNKXSfOHHztHe+jaRs/M2scLNT7c8=", "last_login": "2023-10-25T08:56:29Z", "is_superuser": false, "is_staff": false, "is_active": true, "profile_picture": null, "bio": "Social justice advocate and community organizer.", "email": "sofia.martinez@example.com", "username": "sofiamartinez", "birth_date": "1991-06-12", "first_name": "Sofia", "last_name": "Martinez", "country": "Argentina", "date_joined": "2023-10-25T08:56:29Z", "last_modified": "2023-10-25T09:03:18.914Z", "groups": [], "user_permissions": []}}, {"model": "profiles.customuser", "pk": 16, "fields": {"password": "pbkdf2_sha256$600000$wz1sSjagqnUidILmy9szq2$4F0+lXDNfd52dczGdhtss99f3keJTKx8+ql2tWaVJmA=", "last_login": "2023-10-25T08:56:50Z", "is_superuser": false, "is_staff": false, "is_active": true, "profile_picture": null, "bio": "Economist and researcher in global trade policies.", "email": "raj.patel@example.com", "username": "rajpatel", "birth_date": "1989-02-08", "first_name": "Raj", "last_name": "Patel", "country": "India", "date_joined": "2023-10-25T08:56:49Z", "last_modified": "2023-10-25T09:02:52.834Z", "groups": [], "user_permissions": []}}, {"model": "profiles.customuser", "pk": 17, "fields": {"password": "pbkdf2_sha256$600000$AzQ1CFJY6pQckDlHo3C6ut$A9K2H3ybvy1a/25kwD9kWAmzu84BuBDXxK2UePhv+P4=", "last_login": "2023-10-27T14:33:59.441Z", "is_superuser": false, "is_staff": false, "is_active": true, "profile_picture": null, "bio": null, "email": "tester@tester.com", "username": "tester", "birth_date": null, "first_name": "", "last_name": "", "country": "", "date_joined": "2023-10-27T14:16:13.984Z", "last_modified": "2023-10-27T14:16:14.157Z", "groups": [], "user_permissions": []}}, {"model": "questions.question", "pk": 8, "fields": {"question": "What are your thoughts on the recent political developments in Venezuela and the impact on regional stability in South America?", "description": "I'm curious about the recent political shifts in Venezuela and how they might be influencing the stability of South America. What's your take on this matter?", "user": 5}}, {"model": "questions.question", "pk": 9, "fields": {"question": "How does the political situation in Myanmar affect the USA's foreign policy in Southeast Asia, and what role should the USA play in resolving the crisis?", "description": "I'm interested in understanding the connection between Myanmar's political situation and the foreign policy of the USA in Southeast Asia. What role do you think the USA should play in resolving this complex crisis?", "user": 5}}, {"model": "questions.question", "pk": 10, "fields": {"question": "What international initiatives or organizations do you believe have been most effective in addressing global inequality and human rights issues?", "description": "I'm looking for insights on the most effective international initiatives or organizations that have made a difference in tackling global inequality and human rights issues. What do you think stands out in this regard?", "user": 5}}, {"model": "questions.question", "pk": 11, "fields": {"question": "Can you share your perspective on the ongoing conflict in Syria and the role that Canada and other Western countries should play in finding a resolution?", "description": "I'd like to hear different perspectives on the ongoing conflict in Syria. Additionally, I'm curious about what roles Canada and other Western countries should take to contribute to finding a resolution. What's your viewpoint?", "user": 8}}, {"model": "questions.question", "pk": 12, "fields": {"question": "How do you view the challenges and opportunities of Canada's involvement in international peacekeeping missions, such as those in Mali and the Democratic Republic of the Congo?", "description": "I'm interested in gaining a nuanced understanding of the challenges and opportunities that Canada faces when participating in international peacekeeping missions, particularly in Mali and the Democratic Republic of the Congo. What are your thoughts on this matter?", "user": 8}}, {"model": "questions.question", "pk": 13, "fields": {"question": "What is your take on the recent developments in Hong Kong and the implications for global relations with China?", "description": "I'm keen to hear different viewpoints on the recent developments in Hong Kong and their potential implications for global relations with China. How do you see this situation unfolding, and what impact might it have?", "user": 8}}, {"model": "questions.question", "pk": 14, "fields": {"question": "What is your assessment of Spain's response to the refugee crisis in Europe, and how can the international community better address this issue?", "description": "I'd like to hear assessments of Spain's response to the ongoing refugee crisis in Europe. Moreover, I'm interested in ideas for improving how the international community addresses this complex issue. What's your take on both aspects?", "user": 9}}, {"model": "questions.question", "pk": 15, "fields": {"question": "How do you view the role of Spain and other European countries in the Israeli-Palestinian conflict, and what steps should be taken to promote peace and stability in the region?", "description": "I'm seeking diverse perspectives on the roles of Spain and other European nations in the Israeli-Palestinian conflict. Additionally, I'm interested in hearing recommendations on steps that can be taken to promote peace and stability in this region. What's your viewpoint on these matters?", "user": 9}}, {"model": "questions.question", "pk": 16, "fields": {"question": "As an environmental activist, what are your thoughts on Australia's efforts to combat climate change and protect its unique ecosystems?", "description": "I'm interested in the insights of environmental activists regarding Australia's efforts to combat climate change and safeguard its unique ecosystems. What's your perspective on these crucial issues?", "user": 9}}, {"model": "questions.question", "pk": 17, "fields": {"question": "What is your opinion on the recent territorial disputes in the South China Sea, and how might these tensions impact Pakistan and its neighbors?", "description": "I'm looking for varied opinions on the recent territorial disputes in the South China Sea and how these tensions might affect not only Pakistan but also its neighboring nations. What's your take on this geopolitical situation?", "user": 10}}, {"model": "questions.question", "pk": 18, "fields": {"question": "How do you see the African Union's efforts in resolving conflicts and promoting peace on the continent, and what lessons can South Asia draw from these initiatives?", "description": "I'm keen to hear diverse perspectives on the African Union's initiatives in resolving conflicts and fostering peace in Africa. Additionally, I'm interested in understanding what lessons South Asia can draw from these efforts. What insights can you provide on these topics?", "user": 10}}, {"model": "questions.question", "pk": 19, "fields": {"question": "Given your role as an educator and promoter of cross-cultural understanding, how can Pakistan contribute to global interfaith dialogue and religious tolerance?", "description": "I'm curious about how educators and promoters of cross-cultural understanding envision Pakistan's role in advancing global interfaith dialogue and religious tolerance. What ideas or strategies do you believe can help Pakistan make significant contributions in this area?", "user": 10}}, {"model": "questions.question", "pk": 20, "fields": {"question": "What is your perspective on the current state of gender equality and women's rights in Saudi Arabia, and what international efforts could further this cause?", "description": "I'm interested in gaining insights into the current state of gender equality and women's rights in Saudi Arabia. Additionally, I'd like to know your thoughts on international efforts that can drive progress in this area. What's your perspective?", "user": 11}}, {"model": "questions.question", "pk": 21, "fields": {"question": "How does China's involvement in African development projects, such as the Belt and Road Initiative, impact the socio-economic conditions of women in these regions?", "description": "I'm looking for analyses of China's involvement in African development projects, especially the Belt and Road Initiative, and how this impacts the socio-economic conditions of women in these regions. What do you think are the implications and potential outcomes for women in this context?", "user": 11}}, {"model": "questions.question", "pk": 22, "fields": {"question": "As an advocate for gender equality, how do you view Russia's approach to women's rights and gender issues in politics and society?", "description": "I'm keen to hear your perspective as an advocate for gender equality on Russia's approach to women's rights and gender issues in both politics and society. What aspects of Russia's approach do you find noteworthy, and what are your thoughts on this matter?", "user": 11}}, {"model": "questions.question", "pk": 23, "fields": {"question": "What are your thoughts on the role of Germany in the European Union and its influence on shaping EU policies, especially in the post-Brexit era?", "description": "I'm interested in hearing your thoughts on the role of Germany within the European Union and its influence on shaping EU policies, especially considering the post-Brexit era. What do you think are the key aspects to consider regarding this topic?", "user": 12}}, {"model": "questions.question", "pk": 24, "fields": {"question": "How does France view the recent developments in the Horn of Africa, including the conflict in Ethiopia, and what should be the international response to these crises?", "description": "I'm curious about France's perspective on the recent developments in the Horn of Africa, particularly the conflict in Ethiopia. Additionally, I'd like to know your insights on what the international response should be to address these complex crises. What's your viewpoint on these matters?", "user": 12}}, {"model": "questions.question", "pk": 25, "fields": {"question": "In your capacity as a political enthusiast and history buff, what lessons can be learned from historical conflicts and peace processes that apply to the Israeli-Palestinian situation today?", "description": "As a political enthusiast and history buff, I'd like to delve into your knowledge and insights. Specifically, what lessons do you think can be drawn from historical conflicts and peace processes that are relevant to the contemporary Israeli-Palestinian situation? Share your expertise and thoughts on this topic.", "user": 12}}, {"model": "questions.question", "pk": 26, "fields": {"question": "What can be done to address the humanitarian crisis in Yemen and promote peace in the region, given the involvement of various international actors?", "description": "I'm interested in hearing your perspectives on addressing the humanitarian crisis in Yemen and promoting peace in the region. With various international actors involved, what steps do you believe can be taken to bring about positive change in this challenging situation?", "user": 13}}, {"model": "questions.question", "pk": 27, "fields": {"question": "How does Mexico's experience with migration and border issues inform its stance on the immigration policies of the United States and the EU?", "description": "I'm curious about the connections between Mexico's experiences with migration and border issues and how these influence its stance on the immigration policies of both the United States and the European Union. What insights can you offer on this matter?", "user": 13}}, {"model": "questions.question", "pk": 28, "fields": {"question": "What is your perspective on the recent developments in North Korea and the potential impact on regional stability in East Asia?", "description": "I'm looking for diverse viewpoints on the recent developments in North Korea and the potential ramifications for regional stability in East Asia. What's your perspective on this evolving situation and its implications?", "user": 13}}, {"model": "questions.question", "pk": 29, "fields": {"question": "What is your assessment of the role of Australia and other Western countries in addressing the ongoing civil conflict in Libya and its implications for the region?", "description": "I'm interested in your insights into how Australia and other Western countries are contributing to resolving the ongoing civil conflict in Libya and the potential consequences for the region. What's your take on this complex issue?", "user": 14}}, {"model": "questions.question", "pk": 30, "fields": {"question": "How does the Pacific Islands region view the influence of China and Australia, and what are the geopolitical implications of this dynamic?", "description": "I'm curious about how the Pacific Islands region perceives the influence of both China and Australia. Additionally, I'd like to explore the geopolitical consequences of this dynamic. What can you share about this evolving situation?", "user": 14}}, {"model": "questions.question", "pk": 31, "fields": {"question": "As a journalist covering global affairs and conflicts, what are the key emerging hotspots and potential flashpoints that the world should be paying attention to?", "description": "Given your experience as a journalist specializing in global affairs and conflicts, I'm eager to hear your insights. Specifically, I'd like to know your perspective on the key emerging hotspots and potential flashpoints that should be on the world's radar. What are your observations in this regard?", "user": 14}}, {"model": "questions.question", "pk": 32, "fields": {"question": "What is your take on the recent political developments in Venezuela and their impact on regional stability in South America?", "description": "I'm interested in hearing your take on the recent political developments in Venezuela and how they might be influencing the overall stability of the South American region. Share your perspectives on this important topic.", "user": 15}}, {"model": "questions.question", "pk": 33, "fields": {"question": "How can Argentina contribute to international efforts to address the challenges of forced displacement and refugees, especially in the context of ongoing conflicts in the Middle East?", "description": "I'm curious about Argentina's potential contributions to international efforts in addressing the challenges associated with forced displacement and refugees, particularly within the context of ongoing conflicts in the Middle East. What strategies or actions can Argentina take to make a positive impact?", "user": 15}}, {"model": "questions.question", "pk": 34, "fields": {"question": "As a social justice advocate and community organizer, what strategies should be employed to tackle the issue of child labor in various parts of the world?", "description": "Given your role as a social justice advocate and community organizer, I'm interested in your insights regarding strategies to address the pervasive issue of child labor in different parts of the world. What solutions or approaches do you believe can be effective in tackling this problem?", "user": 15}}, {"model": "questions.question", "pk": 35, "fields": {"question": "What is your perspective on the recent developments in Hong Kong and their implications for India's foreign policy and relations with China?", "description": "I'd like to hear your perspective on the recent developments in Hong Kong and how they might impact India's foreign policy and relations with China. Share your viewpoints and insights on this evolving situation.", "user": 16}}, {"model": "questions.question", "pk": 36, "fields": {"question": "How does India view the situation in Ukraine and the conflict with Russia, and what role should India play in resolving this crisis?", "description": "I'm interested in understanding India's viewpoint on the situation in Ukraine and its conflict with Russia. Additionally, I'd like to know what role you believe India should play in contributing to the resolution of this crisis. What insights can you provide on this topic?", "user": 16}}, {"model": "questions.question", "pk": 37, "fields": {"question": "With your expertise as an economist and researcher in global trade policies, what are the key challenges and opportunities for international trade in a post-COVID-19 world?", "description": "Leveraging your expertise as an economist and researcher specializing in global trade policies, I'm curious about the key challenges and opportunities for international trade in a post-COVID-19 world. What trends and factors should we be aware of in this context?", "user": 16}}, {"model": "responses.response", "pk": 25, "fields": {"response": "The recent political developments in Venezuela have raised concerns about regional stability in South America. One way to delve deeper into this topic is by checking this insightful article.", "question": 8, "user": 14, "additional_resources": "https://example.com/venezuela-impact"}}, {"model": "responses.response", "pk": 26, "fields": {"response": "The situation in Venezuela indeed has ripple effects on South America. For a comprehensive overview, read this analysis.", "question": 8, "user": 11, "additional_resources": "https://example.com/venezuela-influence"}}, {"model": "responses.response", "pk": 27, "fields": {"response": "To understand the impact of Venezuela's politics on regional stability, explore this report.", "question": 8, "user": 9, "additional_resources": "https://example.com/venezuela-regional"}}, {"model": "responses.response", "pk": 28, "fields": {"response": "The political situation in Myanmar and its effects on the USA's foreign policy are subjects of critical analysis. Dive into this report for in-depth insights.", "question": 9, "user": 8, "additional_resources": "https://example.com/myanmar-us-foreign-policy"}}, {"model": "responses.response", "pk": 29, "fields": {"response": "Understanding the connection between Myanmar's politics and US foreign policy is essential. I recommend this article.", "question": 9, "user": 14, "additional_resources": "https://example.com/myanmar-us-policy"}}, {"model": "responses.response", "pk": 30, "fields": {"response": "The role of the USA in Myanmar's political situation deserves attention. Check out this resource.", "question": 9, "user": 13, "additional_resources": "https://example.com/usa-myanmar-stand"}}, {"model": "responses.response", "pk": 31, "fields": {"response": "When it comes to international initiatives and organizations addressing global inequality and human rights, one standout example is the United Nations Human Rights Council. It plays a crucial role in advancing human rights globally.", "question": 10, "user": 11, "additional_resources": "https://example.com/un-human-rights-council"}}, {"model": "responses.response", "pk": 32, "fields": {"response": "For addressing global inequality and human rights, the Global Alliance for Tax Justice is doing remarkable work. It focuses on economic policies and their impact on human rights.", "question": 10, "user": 15, "additional_resources": "https://example.com/global-alliance-tax-justice"}}, {"model": "responses.response", "pk": 33, "fields": {"response": "Global inequality and human rights are complex issues, and the International Federation for Human Rights stands out as a dedicated organization working on these matters.", "question": 10, "user": 16, "additional_resources": "https://example.com/international-federation-human-rights"}}, {"model": "responses.response", "pk": 34, "fields": {"response": "The conflict in Syria is a deeply concerning issue. Canada and other Western countries should play a more active role in finding a resolution by supporting diplomatic efforts and humanitarian aid.", "question": 11, "user": 10, "additional_resources": "https://example.com/canada-syria-resolution"}}, {"model": "responses.response", "pk": 35, "fields": {"response": "Syria's conflict is a global concern. Canada and other Western nations must prioritize diplomatic solutions and work closely with international organizations to find a peaceful resolution.", "question": 11, "user": 8, "additional_resources": "https://example.com/syria-conflict-solutions"}}, {"model": "responses.response", "pk": 36, "fields": {"response": "The ongoing conflict in Syria demands a multilateral approach. Canada and other Western countries can contribute by supporting United Nations initiatives and fostering dialogue.", "question": 11, "user": 16, "additional_resources": "https://example.com/syria-conflict-multilateral"}}, {"model": "responses.response", "pk": 37, "fields": {"response": "Canada's involvement in international peacekeeping missions presents opportunities to contribute to global stability. However, challenges include navigating complex local dynamics and ensuring mission effectiveness.", "question": 12, "user": 15, "additional_resources": "https://example.com/canada-peacekeeping-challenges"}}, {"model": "responses.response", "pk": 38, "fields": {"response": "Canada's participation in peacekeeping missions is significant. Opportunities lie in building local capacities and fostering sustainable peace, but challenges such as security risks persist.", "question": 12, "user": 8, "additional_resources": "https://example.com/canada-peacekeeping-opportunities"}}, {"model": "responses.response", "pk": 39, "fields": {"response": "Peacekeeping missions in Mali and the Democratic Republic of the Congo are crucial for regional stability. Canada can make a difference by emphasizing conflict prevention and mediation.", "question": 12, "user": 11, "additional_resources": "https://example.com/canada-peacekeeping-stability"}}, {"model": "responses.response", "pk": 40, "fields": {"response": "The recent developments in Hong Kong are of global significance. They can impact India's foreign policy, especially in terms of human rights and international relations with China.", "question": 13, "user": 16, "additional_resources": "https://example.com/hong-kong-developments-impact"}}, {"model": "responses.response", "pk": 41, "fields": {"response": "Hong Kong's situation has broader implications. India should maintain a balanced approach, considering its diplomatic relations with China while upholding human rights values.", "question": 13, "user": 10, "additional_resources": "https://example.com/hong-kong-india-approach"}}, {"model": "responses.response", "pk": 42, "fields": {"response": "India must carefully assess the implications of Hong Kong's developments. A balanced foreign policy that prioritizes human rights is essential.", "question": 13, "user": 15, "additional_resources": "https://example.com/india-hong-kong-implications"}}, {"model": "responses.response", "pk": 43, "fields": {"response": "Spain's response to the refugee crisis in Europe reflects both challenges and efforts. The international community can improve coordination and resource allocation to address this issue.", "question": 14, "user": 9, "additional_resources": "https://example.com/spain-refugee-crisis-response"}}, {"model": "responses.response", "pk": 44, "fields": {"response": "Assessing Spain's response to the refugee crisis is vital. International cooperation, sharing best practices, and providing support for affected regions can enhance the global response.", "question": 14, "user": 16, "additional_resources": "https://example.com/global-refugee-crisis-response"}}, {"model": "responses.response", "pk": 45, "fields": {"response": "The refugee crisis demands a collective response. Spain's experiences can inform international efforts to provide humanitarian assistance and support the affected regions.", "question": 14, "user": 15, "additional_resources": "https://example.com/refugee-crisis-collective-response"}}, {"model": "responses.response", "pk": 46, "fields": {"response": "Spain and other European countries play important roles in the Israeli-Palestinian conflict. Promoting peace and stability requires dialogue, conflict resolution mechanisms, and economic development support.", "question": 15, "user": 8, "additional_resources": "https://example.com/eu-support-israeli-palestinian-peace"}}, {"model": "responses.response", "pk": 47, "fields": {"response": "To advance peace and stability in the Israeli-Palestinian conflict, Spain and the EU should prioritize diplomacy and support for conflict resolution initiatives.", "question": 15, "user": 10, "additional_resources": "https://example.com/spain-eu-peace-israel-palestine"}}, {"model": "responses.response", "pk": 48, "fields": {"response": "Spain and the EU can play constructive roles in promoting peace in the Israeli-Palestinian conflict through negotiations and fostering economic opportunities.", "question": 15, "user": 11, "additional_resources": "https://example.com/spain-eu-peace-promotion"}}, {"model": "responses.response", "pk": 49, "fields": {"response": "As an environmental activist, I appreciate Australia's efforts to combat climate change and protect its unique ecosystems. Their focus on renewable energy and conservation initiatives is commendable.", "question": 16, "user": 15, "additional_resources": "https://example.com/australia-environment-conservation"}}, {"model": "responses.response", "pk": 50, "fields": {"response": "Australia's commitment to environmental preservation is vital. Their efforts to address climate change and safeguard ecosystems set a positive example for other nations.", "question": 16, "user": 9, "additional_resources": "https://example.com/australian-environmental-efforts"}}, {"model": "responses.response", "pk": 51, "fields": {"response": "Australia's actions in protecting its unique ecosystems and addressing climate change are essential for the planet. Their focus on sustainability is noteworthy.", "question": 16, "user": 13, "additional_resources": "https://example.com/sustainability-efforts-australia"}}, {"model": "responses.response", "pk": 52, "fields": {"response": "The territorial disputes in the South China Sea are a complex issue. They have the potential to impact the security dynamics of Pakistan and its neighboring countries.", "question": 17, "user": 11, "additional_resources": "https://example.com/south-china-sea-disputes-impact"}}, {"model": "responses.response", "pk": 53, "fields": {"response": "Territorial disputes in the South China Sea are concerning. Pakistan and neighboring nations must closely monitor the situation and engage in diplomatic efforts for stability.", "question": 17, "user": 15, "additional_resources": "https://example.com/south-china-sea-diplomacy"}}, {"model": "responses.response", "pk": 54, "fields": {"response": "The South China Sea disputes raise geopolitical concerns. Pakistan and its neighbors should prioritize diplomatic solutions and regional cooperation for stability.", "question": 17, "user": 16, "additional_resources": "https://example.com/regional-cooperation-stability"}}, {"model": "responses.response", "pk": 55, "fields": {"response": "The African Union's initiatives in conflict resolution and peace-building are notable. South Asia can learn from their emphasis on mediation, dialogue, and regional cooperation.", "question": 18, "user": 10, "additional_resources": "https://example.com/african-union-conflict-resolution"}}, {"model": "responses.response", "pk": 56, "fields": {"response": "The African Union's efforts in resolving conflicts are valuable. South Asia can benefit from their experiences in building peace through diplomatic efforts.", "question": 18, "user": 9, "additional_resources": "https://example.com/diplomacy-for-peace-african-union"}}, {"model": "responses.response", "pk": 57, "fields": {"response": "The African Union's role in conflict resolution sets an example. South Asia should consider promoting dialogue, multilateral efforts, and non-interference as lessons from their initiatives.", "question": 18, "user": 13, "additional_resources": "https://example.com/lessons-from-african-union"}}, {"model": "responses.response", "pk": 58, "fields": {"response": "Promoting global interfaith dialogue and religious tolerance is vital, and Pakistan can contribute by fostering cultural exchange programs and supporting grassroots initiatives.", "question": 19, "user": 8, "additional_resources": "https://example.com/interfaith-dialogue-pakistan-contribution"}}, {"model": "responses.response", "pk": 59, "fields": {"response": "Pakistan's role in global interfaith dialogue is significant. Initiatives such as educational programs and community dialogues can foster religious tolerance and understanding.", "question": 19, "user": 9, "additional_resources": "https://example.com/pakistan-interfaith-education"}}, {"model": "responses.response", "pk": 60, "fields": {"response": "To promote religious tolerance, Pakistan can engage in international forums and support local community initiatives. Building cultural bridges is key to global interfaith dialogue.", "question": 19, "user": 10, "additional_resources": "https://example.com/global-interfaith-cooperation"}}, {"model": "responses.response", "pk": 61, "fields": {"response": "Saudi Arabia has made notable progress in advancing gender equality and women's rights. International efforts should focus on collaboration and sharing best practices.", "question": 20, "user": 16, "additional_resources": "https://example.com/saudi-arabia-gender-equality"}}, {"model": "responses.response", "pk": 62, "fields": {"response": "The international community should support Saudi Arabia's efforts to advance gender equality. Collaboration and knowledge-sharing can further this cause globally.", "question": 20, "user": 13, "additional_resources": "https://example.com/global-support-gender-equality"}}, {"model": "responses.response", "pk": 63, "fields": {"response": "Saudi Arabia's progress in women's rights is noteworthy. International efforts should involve dialogue and partnerships for promoting gender equality worldwide.", "question": 20, "user": 8, "additional_resources": "https://example.com/women-rights-partnerships-saudi-arabia"}}, {"model": "responses.response", "pk": 64, "fields": {"response": "China's involvement in African development projects, including the Belt and Road Initiative, has complex socio-economic impacts on women in these regions. It's essential to closely monitor these effects and ensure gender-inclusive development.", "question": 21, "user": 11, "additional_resources": "https://example.com/china-belt-road-socio-economic-impact"}}, {"model": "responses.response", "pk": 65, "fields": {"response": "The Belt and Road Initiative has socio-economic implications for women in African regions. China and local governments should prioritize gender-inclusive policies and investments.", "question": 21, "user": 10, "additional_resources": "https://example.com/belt-road-gender-inclusive-development"}}, {"model": "responses.response", "pk": 66, "fields": {"response": "China's role in African development projects can be harnessed to empower women. Local governments should promote opportunities and education for women in these regions.", "question": 21, "user": 15, "additional_resources": "https://example.com/empowering-women-african-development"}}, {"model": "responses.response", "pk": 67, "fields": {"response": "As an advocate for gender equality, I appreciate Russia's efforts to address women's rights and gender issues. Their policies aim to create opportunities and a more inclusive society.", "question": 22, "user": 9, "additional_resources": "https://example.com/russia-women-rights-advocacy"}}, {"model": "responses.response", "pk": 68, "fields": {"response": "Russia's approach to women's rights and gender issues shows progress. They should continue working to ensure women's participation in politics and society.", "question": 22, "user": 13, "additional_resources": "https://example.com/russia-gender-equality-progress"}}, {"model": "responses.response", "pk": 69, "fields": {"response": "As an advocate for gender equality, I admire Russia's commitment to women's rights. Their focus on education and economic empowerment is noteworthy.", "question": 22, "user": 10, "additional_resources": "https://example.com/russia-women-empowerment"}}, {"model": "responses.response", "pk": 70, "fields": {"response": "Germany plays a pivotal role in the European Union, shaping policies that impact the post-Brexit era. Their leadership and diplomatic efforts are vital for EU stability.", "question": 23, "user": 15, "additional_resources": "https://example.com/germany-eu-leadership"}}, {"model": "responses.response", "pk": 71, "fields": {"response": "The role of Germany within the European Union is significant. They should focus on fostering unity and strong partnerships in the post-Brexit landscape.", "question": 23, "user": 11, "additional_resources": "https://example.com/germany-eu-unity"}}, {"model": "responses.response", "pk": 72, "fields": {"response": "Germany's influence in shaping EU policies is notable. Their commitment to cooperation and economic stability is crucial for the EU's future.", "question": 23, "user": 8, "additional_resources": "https://example.com/germany-eu-cooperation"}}, {"model": "responses.response", "pk": 73, "fields": {"response": "France closely monitors the developments in the Horn of Africa, particularly the conflict in Ethiopia. The international response should prioritize diplomatic efforts and humanitarian aid.", "question": 24, "user": 13, "additional_resources": "https://example.com/france-horn-of-africa-conflict"}}, {"model": "responses.response", "pk": 74, "fields": {"response": "France's perspective on the Horn of Africa is critical. Collaborative efforts and engagement with regional stakeholders can help address the crises in this region.", "question": 24, "user": 16, "additional_resources": "https://example.com/france-regional-stakeholders-engagement"}}, {"model": "responses.response", "pk": 75, "fields": {"response": "In my capacity as a political enthusiast and history buff, I find historical insights useful in understanding the Israeli-Palestinian situation. Lessons from past conflicts emphasize the need for dialogue and compromise.", "question": 25, "user": 10, "additional_resources": "https://example.com/historical-insights-israeli-palestinian-conflict"}}, {"model": "responses.response", "pk": 76, "fields": {"response": "The Israeli-Palestinian situation can benefit from historical perspectives. The importance of negotiations and mutual understanding is evident in past peace processes.", "question": 25, "user": 9, "additional_resources": "https://example.com/israeli-palestinian-peace-process-history"}}, {"model": "responses.response", "pk": 77, "fields": {"response": "Historical conflicts hold valuable lessons for resolving the Israeli-Palestinian situation. Prioritizing diplomacy, mediation, and trust-building is crucial for lasting peace.", "question": 25, "user": 11, "additional_resources": "https://example.com/diplomacy-trust-building-israeli-palestinian-peace"}}, {"model": "responses.response", "pk": 78, "fields": {"response": "Addressing the humanitarian crisis in Yemen requires a multifaceted approach. International actors must focus on humanitarian aid, conflict mediation, and promoting long-term stability.", "question": 26, "user": 15, "additional_resources": "https://example.com/yemen-humanitarian-crisis-approach"}}, {"model": "responses.response", "pk": 79, "fields": {"response": "Yemen's humanitarian crisis demands immediate attention. International actors should prioritize conflict resolution, humanitarian relief, and the restoration of basic services.", "question": 26, "user": 8, "additional_resources": "https://example.com/yemen-humanitarian-relief-efforts"}}, {"model": "responses.response", "pk": 80, "fields": {"response": "The complexities of the immigration policies of the United States and the EU are influenced by Mexico's experiences with migration. Understanding Mexico's perspective is crucial for effective bilateral and international collaboration.", "question": 27, "user": 16, "additional_resources": "https://example.com/mexico-immigration-policies-influence"}}, {"model": "responses.response", "pk": 81, "fields": {"response": "Mexico's unique experiences with migration and border issues offer valuable insights into immigration policies. International cooperation should consider Mexico's perspective for balanced policies.", "question": 27, "user": 9, "additional_resources": "https://example.com/mexico-immigration-insights"}}, {"model": "responses.response", "pk": 82, "fields": {"response": "The recent developments in North Korea are of international concern. The stability of East Asia relies on diplomatic solutions, cooperation, and denuclearization efforts.", "question": 28, "user": 10, "additional_resources": "https://example.com/north-korea-diplomacy-and-denuclearization"}}, {"model": "responses.response", "pk": 83, "fields": {"response": "North Korea's situation has regional implications. International collaboration and diplomatic negotiations are necessary to ensure stability in East Asia.", "question": 28, "user": 13, "additional_resources": "https://example.com/east-asia-stability-north-korea"}}, {"model": "responses.response", "pk": 84, "fields": {"response": "The recent developments in North Korea underscore the importance of diplomacy. East Asian countries should work together to promote peace and security in the region.", "question": 28, "user": 8, "additional_resources": "https://example.com/east-asian-diplomacy-peace"}}, {"model": "responses.response", "pk": 85, "fields": {"response": "Australia and other Western countries play a crucial role in addressing the civil conflict in Libya. They must promote diplomacy, support local reconciliation efforts, and contribute to humanitarian aid.", "question": 29, "user": 15, "additional_resources": "https://example.com/libya-conflict-resolution-australia-western-countries"}}, {"model": "responses.response", "pk": 86, "fields": {"response": "The Pacific Islands region holds diverse perspectives on China and Australia. Geopolitically, the implications revolve around economic dependence, regional dynamics, and future alignments.", "question": 30, "user": 10, "additional_resources": "https://example.com/pacific-islands-china-australia-geopolitics"}}, {"model": "responses.response", "pk": 87, "fields": {"response": "As a journalist covering global affairs and conflicts, it's essential to keep an eye on emerging hotspots. Regions like the South China Sea, Ukraine, and the Middle East require our attention.", "question": 31, "user": 8, "additional_resources": "https://example.com/journalism-global-affairs-hotspots"}}, {"model": "responses.response", "pk": 88, "fields": {"response": "I agree with the importance of monitoring emerging global hotspots. Recent developments in North Korea, Eastern Europe, and the South China Sea are particularly concerning.", "question": 31, "user": 13, "additional_resources": "https://example.com/global-hotspots-north-korea-ukraine"}}, {"model": "responses.response", "pk": 89, "fields": {"response": "As a journalist covering global affairs, my focus is on emerging flashpoints. Regions like the South China Sea, the Arctic, and cybersecurity are potential sources of conflict and cooperation.", "question": 31, "user": 16, "additional_resources": "https://example.com/global-affairs-flashpoints-south-china-sea"}}, {"model": "responses.response", "pk": 90, "fields": {"response": "The recent political developments in Venezuela have significant implications for South America. International cooperation, humanitarian aid, and diplomacy are essential to address regional stability.", "question": 32, "user": 15, "additional_resources": "https://example.com/venezuela-political-developments-regional-stability"}}, {"model": "responses.response", "pk": 91, "fields": {"response": "Venezuela's political situation affects the entire region. Sustainable solutions involve multilateral efforts, dialogue, and addressing the socio-economic challenges in South America.", "question": 32, "user": 9, "additional_resources": "https://example.com/south-america-stability-venezuela"}}, {"model": "responses.response", "pk": 92, "fields": {"response": "The impact of the political situation in Venezuela on South America is undeniable. Collaborative initiatives, focused on stability and development, are the way forward.", "question": 32, "user": 8, "additional_resources": "https://example.com/venezuela-south-america-stability-initiatives"}}, {"model": "responses.response", "pk": 93, "fields": {"response": "Argentina can contribute significantly to international efforts addressing forced displacement and refugees. Fostering regional partnerships, humanitarian aid, and conflict resolution can make a difference.", "question": 33, "user": 16, "additional_resources": "https://example.com/argentina-forced-displacement-refugees"}}, {"model": "responses.response", "pk": 94, "fields": {"response": "Argentina's contributions to addressing forced displacement and refugees matter. Regional collaboration, social support programs, and promoting peace are avenues to explore.", "question": 33, "user": 11, "additional_resources": "https://example.com/argentina-forced-displacement-refugees-contributions"}}, {"model": "responses.response", "pk": 95, "fields": {"response": "As a social justice advocate and community organizer, strategies to tackle child labor involve education, empowering communities, and advocating for children's rights.", "question": 34, "user": 13, "additional_resources": "https://example.com/tackling-child-labor-strategies"}}, {"model": "responses.response", "pk": 96, "fields": {"response": "Addressing child labor is vital. Strategies include improving access to education, providing economic alternatives for families, and creating awareness of children's rights.", "question": 34, "user": 15, "additional_resources": "https://example.com/child-labor-eradication-strategies"}}, {"model": "responses.response", "pk": 97, "fields": {"response": "Efforts to tackle child labor require a multi-pronged approach, including educational reforms, community empowerment, and strict enforcement of labor laws.", "question": 34, "user": 9, "additional_resources": "https://example.com/child-labor-multi-pronged-approach"}}, {"model": "responses.response", "pk": 98, "fields": {"response": "Recent developments in Hong Kong have raised concerns regarding India's foreign policy and relations with China. India should pursue a balanced approach, prioritizing its national interests while engaging in diplomatic dialogues.", "question": 35, "user": 10, "additional_resources": "https://example.com/hong-kong-developments-india-china-relations"}}, {"model": "responses.response", "pk": 99, "fields": {"response": "India should carefully assess the implications of the situation in Hong Kong on its foreign policy. Maintaining strong diplomatic channels and aligning actions with regional stability is paramount.", "question": 35, "user": 8, "additional_resources": "https://example.com/india-foreign-policy-hong-kong-situation"}}, {"model": "responses.response", "pk": 100, "fields": {"response": "As an environmental activist, Australia's efforts to combat climate change and protect ecosystems are commendable. Emphasizing renewable energy, conservation, and climate policy collaboration can further these initiatives.", "question": 36, "user": 15, "additional_resources": "https://example.com/australia-environmental-conservation-renewable-energy"}}, {"model": "responses.response", "pk": 101, "fields": {"response": "Australia's commitment to environmental protection is significant. Sustainable practices, conservation of unique ecosystems, and international cooperation on climate action are essential in this endeavor.", "question": 36, "user": 10, "additional_resources": "https://example.com/australia-environmental-protection-sustainability"}}, {"model": "responses.response", "pk": 102, "fields": {"response": "Australia's environmental efforts align with global goals. Emphasizing green technologies, conservation, and a proactive role in international environmental pacts can amplify their impact.", "question": 36, "user": 11, "additional_resources": "https://example.com/australia-environmental-efforts-global-sustainability"}}]